Rk,Player,Pos,Age,Tm,G,MP,PER,TS%,3PAr,FTr,ORB%,DRB%,TRB%,AST%,STL%,BLK%,TOV%,USG%,Unnamed: 19,OWS,DWS,WS,WS/48,Unnamed: 24,OBPM,DBPM,BPM,VORP,Season,Playoffs
1,Ray Allen*,SG,24,MIL,5,186,22.7,.552,.289,.244,6.5,13.3,10.1,12.2,2.3,0.0,8.3,26.9,,0.5,0.2,0.7,.183,,6.0,-0.2,5.8,0.4,2000,True
2,Rafer Alston,PG,23,MIL,4,16,-11.6,.000,.333,.667,0.0,0.0,0.0,7.9,0.0,0.0,20.5,14.1,,-0.1,0.0,-0.1,-0.367,,-11.3,-6.9,-18.3,-0.1,2000,True
3,Nick Anderson,SG,32,SAC,5,132,7.8,.480,.588,.235,3.2,10.0,6.7,2.5,0.4,1.4,9.6,14.2,,0.0,-0.1,0.0,-0.014,,-1.1,-1.3,-2.4,0.0,2000,True
4,Greg Anthony,PG,32,POR,15,213,11.9,.508,.596,.308,1.2,8.3,4.8,20.0,3.4,1.5,16.9,16.3,,0.1,0.3,0.4,.095,,-0.5,3.2,2.7,0.3,2000,True
5,Stacey Augmon,SG,31,POR,7,34,-0.2,.349,.000,.167,0.0,7.4,3.7,0.0,0.0,0.0,0.0,18.5,,-0.1,0.0,-0.1,-0.071,,-8.0,-3.7,-11.7,-0.1,2000,True
6,Toby Bailey,SG,24,PHO,5,15,9.1,.347,.000,1.000,7.0,7.1,7.1,21.2,0.0,0.0,0.0,17.1,,0.0,0.0,0.0,.036,,0.6,-0.6,0.0,0.0,2000,True
7,Vin Baker,C,28,SEA,5,177,10.2,.424,.013,.227,10.0,15.0,12.4,10.2,1.5,0.9,16.2,25.6,,-0.3,0.1,-0.2,-0.043,,-3.7,-1.8,-5.5,-0.2,2000,True
8,Brent Barry,SG,28,SEA,5,155,9.7,.536,.606,.424,2.2,7.8,4.9,14.9,1.0,1.5,15.2,13.7,,0.2,0.1,0.2,.072,,-1.2,0.0,-1.2,0.0,2000,True
9,Jon Barry,SG,30,SAC,5,102,18.5,.695,.571,.762,2.1,9.9,6.1,19.2,1.5,0.0,12.5,14.2,,0.4,0.0,0.4,.169,,3.8,1.1,4.9,0.2,2000,True
10,Jonathan Bender,SF,19,IND,9,21,23.9,.694,.167,1.000,0.0,16.5,8.4,0.0,2.6,0.0,0.0,19.5,,0.1,0.0,0.1,.247,,4.9,3.1,8.0,0.0,2000,True
11,Travis Best,PG,27,IND,23,463,17.0,.514,.168,.246,3.9,10.5,7.3,25.5,2.2,0.6,11.2,22.9,,0.8,0.4,1.2,.120,,1.0,1.0,2.0,0.5,2000,True
12,Corie Blount,PF,31,PHO,9,162,13.0,.565,.000,.581,16.2,20.4,18.3,3.1,2.0,2.7,25.0,14.3,,0.1,0.3,0.4,.113,,-3.0,2.1,-1.0,0.0,2000,True
13,Muggsy Bogues,PG,35,TOR,3,87,4.5,.358,.429,.143,3.9,4.4,4.2,11.3,2.6,0.0,15.2,14.2,,-0.1,0.1,-0.1,-0.034,,-3.3,-1.5,-4.8,-0.1,2000,True
14,Lazaro Borrell,SF,27,SEA,2,26,19.3,.571,.000,.571,12.8,37.1,24.5,6.7,0.0,0.0,10.2,17.3,,0.1,0.0,0.1,.163,,2.0,-1.0,1.1,0.0,2000,True
15,Bruce Bowen,SF,28,MIA,10,157,7.4,.514,.815,.593,0.8,6.8,3.8,8.9,2.5,2.1,15.0,12.6,,0.0,0.3,0.4,.112,,-3.3,3.4,0.1,0.1,2000,True
16,Ira Bowman,SG,26,PHI,7,11,-4.7,.000,.500,1.000,0.0,0.0,0.0,25.8,0.0,0.0,0.0,12.0,,-0.1,0.0,-0.1,-0.261,,-7.8,-4.9,-12.7,0.0,2000,True
17,Terrell Brandon,PG,29,MIN,4,162,23.3,.575,.175,.175,3.2,16.8,9.7,40.7,1.1,0.0,10.5,23.4,,0.6,0.1,0.7,.199,,6.2,0.1,6.2,0.3,2000,True
18,Dee Brown,PG,31,TOR,3,19,-4.1,.000,.750,.000,0.0,13.5,6.3,18.3,5.9,0.0,20.0,12.4,,-0.1,0.0,-0.1,-0.165,,-14.1,1.4,-12.7,-0.1,2000,True
19,P.J. Brown,PF,30,MIA,10,308,10.6,.443,.000,.073,10.0,21.7,15.8,6.8,1.5,1.1,11.5,15.3,,0.0,0.7,0.7,.106,,-2.4,0.4,-2.0,0.0,2000,True
20,Rick Brunson,PG,27,NYK,3,4,4.5,.000,.000,.000,0.0,0.0,0.0,38.7,14.3,0.0,0.0,12.8,,0.0,0.0,0.0,-0.010,,-17.9,20.7,2.8,0.0,2000,True
21,Kobe Bryant*,SG,21,LAL,22,857,19.3,.517,.162,.320,3.4,9.9,6.6,19.8,2.0,2.9,10.9,26.7,,1.5,0.5,2.1,.115,,3.2,1.1,4.2,1.4,2000,True
22,Jud Buechler,SF,31,DET,3,34,4.8,.429,.714,.000,0.0,15.4,7.5,5.6,0.0,2.3,0.0,10.1,,0.0,0.0,0.0,.050,,-1.5,0.6,-0.9,0.0,2000,True
23,Rodney Buford,SG,22,MIA,1,16,23.7,.619,.250,.250,0.0,7.4,3.7,16.1,0.0,0.0,0.0,27.4,,0.1,0.0,0.1,.305,,3.9,2.5,6.3,0.0,2000,True
24,Marcus Camby,C,25,NYK,16,386,10.6,.386,.012,.360,11.1,23.3,17.3,2.7,1.2,5.0,10.7,14.8,,-0.3,0.8,0.5,.064,,-2.7,0.8,-2.0,0.0,2000,True
25,Elden Campbell,C,31,CHH,4,150,13.8,.536,.021,.298,7.2,18.1,12.8,5.2,0.8,2.0,13.1,19.6,,0.2,0.1,0.2,.079,,-1.6,-2.0,-3.6,-0.1,2000,True
26,Anthony Carter,PG,24,MIA,10,275,14.0,.458,.078,.208,3.5,13.9,8.7,39.1,2.5,0.6,21.5,19.2,,-0.1,0.6,0.5,.094,,-0.6,2.1,1.5,0.2,2000,True
27,Vince Carter*,SF,23,TOR,3,119,18.2,.456,.200,.620,8.6,9.7,9.1,35.5,1.4,2.9,11.2,28.3,,0.2,0.1,0.3,.123,,4.7,-0.3,4.4,0.2,2000,True
28,Sam Cassell,PG,30,MIL,5,178,18.5,.486,.069,.292,0.0,10.3,5.4,40.8,1.2,0.0,10.0,23.4,,0.4,0.1,0.5,.130,,2.2,-1.0,1.2,0.1,2000,True
29,Chris Childs,PG,32,NYK,16,334,10.2,.528,.400,.400,0.4,12.6,6.6,20.7,1.2,0.0,14.5,14.8,,0.3,0.4,0.7,.098,,-3.1,1.3,-1.8,0.0,2000,True
30,Doug Christie,SG,29,TOR,3,61,5.1,.384,.615,.462,1.9,8.4,4.9,18.7,3.7,1.4,20.4,15.2,,-0.1,0.1,0.0,-0.007,,-4.8,0.8,-4.0,0.0,2000,True
31,Derrick Coleman,PF,32,CHH,4,169,22.8,.584,.281,.491,7.1,26.8,17.2,16.7,1.0,5.4,15.8,23.4,,0.4,0.2,0.6,.168,,4.2,1.6,5.8,0.3,2000,True
32,Tyrone Corbin,SF,37,SAC,3,23,9.5,.368,.400,.200,4.7,17.6,11.3,21.3,0.0,0.0,0.0,10.7,,0.0,0.0,0.0,.017,,-0.3,0.3,0.0,0.0,2000,True
33,Austin Croshere,PF,24,IND,23,490,17.5,.565,.242,.569,7.6,18.4,13.1,6.5,1.0,2.3,11.6,20.9,,1.1,0.4,1.5,.149,,1.4,0.1,1.5,0.4,2000,True
34,John Crotty,PG,30,DET,3,51,-0.6,.276,.300,.200,0.0,10.3,5.0,14.4,1.0,1.6,26.9,14.3,,-0.2,0.1,-0.1,-0.126,,-6.5,-1.7,-8.2,-0.1,2000,True
35,Dell Curry,SG,35,TOR,3,30,9.0,.717,.750,.500,3.8,4.3,4.0,6.5,3.7,0.0,29.1,10.8,,0.0,0.0,0.0,.076,,-2.7,0.7,-2.0,0.0,2000,True
36,Michael Curry,SG,31,DET,3,79,11.4,.546,.000,.261,0.0,5.0,2.4,8.8,0.7,1.0,7.2,17.1,,0.1,0.1,0.1,.087,,0.5,0.4,0.9,0.1,2000,True
37,Antonio Daniels,SG,24,SAS,4,82,13.9,.505,.348,.565,2.5,9.8,6.2,15.3,4.5,0.0,17.3,19.2,,0.0,0.2,0.2,.126,,-0.9,4.2,3.2,0.1,2000,True
38,Antonio Davis,C,31,TOR,3,105,18.1,.647,.000,.583,7.6,22.0,14.3,6.4,0.5,3.3,11.7,15.3,,0.3,0.1,0.4,.187,,1.9,0.3,2.2,0.1,2000,True
39,Baron Davis,PG,20,CHH,4,57,14.9,.464,.261,.174,6.3,6.0,6.1,22.0,4.0,0.0,10.8,23.4,,0.0,0.0,0.1,.047,,-0.1,0.5,0.4,0.0,2000,True
40,Dale Davis,C,30,IND,23,714,16.4,.537,.000,.391,14.0,29.2,21.7,3.9,0.8,3.1,9.2,12.9,,1.4,1.0,2.3,.157,,0.9,0.3,1.2,0.6,2000,True
41,Todd Day,SG,30,PHO,9,100,11.6,.533,.457,.286,6.3,4.3,5.3,7.5,2.1,0.7,9.2,19.4,,0.1,0.1,0.2,.108,,-1.0,1.0,0.1,0.1,2000,True
42,Vinny Del Negro,PG,33,MIL,5,93,9.7,.433,.067,.000,0.0,9.3,4.9,14.9,1.7,0.0,9.1,16.4,,0.0,0.0,0.0,.011,,-2.6,-0.9,-3.5,0.0,2000,True
43,Tony Delk,PG,26,SAC,5,101,19.5,.548,.122,.561,11.7,7.0,9.3,13.3,1.6,0.0,13.5,26.5,,0.2,0.0,0.2,.089,,2.5,-0.7,1.9,0.1,2000,True
44,Derrick Dial,SG,24,SAS,2,8,24.8,.512,.000,.500,25.9,0.0,12.7,0.0,0.0,0.0,0.0,27.7,,0.0,0.0,0.0,.224,,8.7,-2.4,6.4,0.0,2000,True
45,Vlade Divac*,C,31,SAC,5,160,12.6,.423,.036,.411,6.0,17.1,11.7,15.2,2.3,1.6,12.0,21.2,,-0.1,0.1,0.0,-0.002,,-2.0,0.8,-1.2,0.0,2000,True
46,Chris Dudley,C,34,NYK,5,43,9.7,.694,.000,1.000,14.2,19.0,16.6,7.5,1.3,1.9,25.8,4.6,,0.1,0.1,0.2,.185,,-3.1,2.5,-0.6,0.0,2000,True
47,Howard Eisley,PG,27,UTA,10,200,5.3,.432,.345,.164,0.6,9.8,5.4,15.7,1.6,0.4,18.1,17.3,,-0.3,0.1,-0.2,-0.037,,-4.6,-1.0,-5.7,-0.2,2000,True
48,Mario Elie,SF,36,SAS,4,115,8.5,.501,.318,.818,4.5,10.4,7.5,11.3,2.3,0.0,28.6,16.6,,-0.1,0.3,0.1,.054,,-2.6,1.4,-1.2,0.0,2000,True
49,Sean Elliott,SF,31,SAS,4,119,8.5,.460,.325,.200,0.9,17.6,9.4,9.1,0.0,1.2,8.4,18.1,,0.0,0.3,0.2,.090,,-2.1,1.2,-0.9,0.0,2000,True
50,Patrick Ewing*,C,37,NYK,14,461,17.9,.488,.000,.524,7.7,26.3,17.2,2.6,2.0,3.6,11.4,26.3,,0.0,1.0,1.0,.105,,0.0,1.4,1.4,0.4,2000,True
51,Derek Fisher,PG,25,LAL,21,322,13.5,.550,.367,.316,1.4,6.6,3.9,19.0,1.8,0.2,9.1,13.9,,0.7,0.1,0.8,.114,,0.1,1.5,1.7,0.3,2000,True
52,Greg Foster,PF,31,SEA,5,68,3.3,.453,.263,.105,1.6,17.7,9.4,2.4,0.0,1.1,13.1,15.5,,-0.1,0.0,0.0,-0.017,,-7.0,-1.2,-8.2,-0.1,2000,True
53,Rick Fox,SF,30,LAL,23,331,10.3,.608,.534,.288,3.7,9.6,6.6,12.5,1.4,0.0,16.3,13.4,,0.6,0.1,0.7,.095,,-2.2,0.9,-1.2,0.1,2000,True
54,Lawrence Funderburke,PF,29,SAC,4,34,16.2,.465,.000,.444,12.6,20.8,16.8,0.0,1.5,0.0,0.0,14.3,,0.1,0.0,0.1,.087,,2.9,-2.8,0.1,0.0,2000,True
55,Kevin Garnett*,PF,23,MIN,4,171,20.5,.441,.038,.205,9.9,25.1,17.2,38.0,1.7,1.5,11.5,28.1,,0.2,0.2,0.4,.102,,5.2,2.3,7.4,0.4,2000,True
56,Dean Garrett,C,33,MIN,3,16,9.3,.521,.000,1.000,8.2,9.0,8.5,0.0,0.0,5.3,0.0,9.0,,0.0,0.0,0.0,.093,,-2.6,-0.4,-2.9,0.0,2000,True
57,Matt Geiger,C,30,PHI,8,128,24.0,.574,.000,.500,14.9,21.8,18.2,3.1,2.1,1.3,7.6,23.7,,0.5,0.1,0.6,.227,,1.8,0.3,2.1,0.1,2000,True
58,Devean George,SF,22,LAL,9,45,13.0,.461,.526,.579,9.9,15.7,12.7,7.2,1.2,0.0,11.2,27.0,,0.0,0.0,0.0,.024,,-0.5,-2.0,-2.6,0.0,2000,True
59,Armen Gilliam,PF,35,UTA,10,132,2.9,.338,.000,.283,5.6,20.1,13.1,5.3,1.7,2.4,17.5,22.8,,-0.6,0.2,-0.4,-0.147,,-7.3,-1.6,-9.0,-0.2,2000,True
60,Brian Grant,PF,27,POR,16,320,12.3,.529,.000,.600,14.7,21.7,18.2,4.3,1.0,1.5,17.1,15.1,,0.4,0.4,0.8,.126,,-1.3,0.0,-1.2,0.1,2000,True
61,Gary Grant,PG,34,POR,2,8,-2.1,.174,.000,1.000,0.0,0.0,0.0,18.5,0.0,0.0,0.0,17.6,,0.0,0.0,0.0,-0.184,,-6.0,-4.6,-10.6,0.0,2000,True
62,Horace Grant,PF,34,SEA,5,185,10.2,.417,.000,.148,4.8,15.0,9.7,8.1,2.3,2.0,3.4,7.4,,0.1,0.2,0.3,.081,,-1.0,2.2,1.2,0.2,2000,True
63,A.C. Green,PF,36,LAL,23,429,10.6,.449,.000,.256,11.2,14.6,12.8,4.4,1.7,0.6,8.2,11.5,,0.4,0.2,0.6,.071,,-1.4,0.1,-1.3,0.1,2000,True
64,Darvin Ham,SF,26,MIL,5,144,10.8,.596,.059,.529,14.2,9.0,11.4,6.8,0.4,4.1,25.0,9.0,,0.2,0.1,0.2,.079,,-1.0,0.2,-0.8,0.0,2000,True
65,Tom Hammonds,PF,32,MIN,1,2,0.0,,,,0.0,0.0,0.0,0.0,0.0,0.0,,0.0,,0.0,0.0,0.0,-0.015,,-2.2,-2.6,-4.9,0.0,2000,True
66,Anfernee Hardaway,SG,28,PHO,9,386,18.3,.531,.131,.428,3.8,8.3,6.0,25.3,1.9,1.7,12.7,22.8,,0.7,0.5,1.1,.140,,3.6,2.0,5.6,0.7,2000,True
67,Tim Hardaway*,PG,33,MIA,7,182,8.7,.373,.500,.147,0.7,9.2,4.9,34.4,1.6,0.0,13.2,22.6,,-0.3,0.3,0.0,.005,,-0.7,-1.2,-1.9,0.0,2000,True
68,Ron Harper,PG,36,LAL,23,643,13.6,.491,.215,.260,5.2,10.1,7.6,17.4,1.9,1.6,12.2,16.2,,0.8,0.3,1.1,.080,,-0.1,1.4,1.3,0.5,2000,True
69,Grant Hill*,SF,27,DET,2,55,9.5,.539,.125,.625,0.0,26.2,12.7,34.5,1.0,0.0,32.9,27.0,,-0.1,0.1,0.0,-0.038,,-2.8,-0.6,-3.4,0.0,2000,True
70,Tyrone Hill,PF,31,PHI,10,352,15.4,.515,.010,.440,11.5,21.1,16.1,4.5,1.4,0.2,9.1,17.1,,0.6,0.2,0.8,.114,,-0.1,-0.5,-0.6,0.1,2000,True
71,Jeff Hornacek,SG,36,UTA,10,297,13.5,.511,.216,.235,3.7,8.2,6.0,20.4,1.8,0.0,11.8,20.6,,0.3,0.1,0.4,.069,,0.7,-0.1,0.6,0.2,2000,True
72,Robert Horry,PF,29,LAL,23,618,13.2,.514,.407,.393,6.9,16.2,11.4,13.8,1.7,2.4,15.0,14.7,,0.8,0.5,1.2,.096,,-0.3,2.1,1.8,0.6,2000,True
73,Allan Houston,SG,28,NYK,16,654,13.8,.533,.162,.277,0.6,8.7,4.7,8.1,1.7,0.4,12.0,23.5,,0.3,0.7,1.0,.071,,0.4,0.1,0.5,0.4,2000,True
74,Lindsey Hunter,PG,29,DET,3,93,5.6,.361,.281,.188,0.0,9.9,4.8,11.3,2.9,0.9,12.6,20.8,,-0.3,0.2,-0.2,-0.080,,-3.2,0.3,-2.9,0.0,2000,True
75,Allen Iverson*,SG,24,PHI,10,444,16.6,.472,.165,.388,3.5,7.1,5.3,20.3,1.5,0.2,10.3,32.0,,0.3,0.0,0.4,.040,,2.2,-1.5,0.7,0.3,2000,True
76,Bobby Jackson,PG,26,MIN,3,30,26.5,.705,.375,.750,0.0,23.9,11.4,23.0,3.9,2.8,15.8,21.1,,0.1,0.1,0.2,.305,,5.2,7.6,12.8,0.1,2000,True
77,Jaren Jackson,SG,32,SAS,2,19,3.3,.210,.333,1.333,0.0,5.3,2.7,17.9,2.8,0.0,0.0,11.4,,0.0,0.0,0.0,.001,,-4.0,1.4,-2.7,0.0,2000,True
78,Mark Jackson,PG,34,IND,23,634,17.0,.493,.381,.176,2.3,13.5,8.0,45.6,1.6,0.2,18.5,17.4,,1.1,0.4,1.5,.117,,2.8,-0.3,2.5,0.7,2000,True
79,Avery Johnson,PG,34,SAS,4,144,11.8,.498,.000,.333,1.4,4.9,3.2,31.9,1.5,0.0,17.2,18.3,,0.0,0.3,0.3,.092,,-0.7,0.3,-0.4,0.1,2000,True
80,Ervin Johnson,C,32,MIL,5,155,14.2,.555,.000,.900,10.8,24.3,17.9,1.8,2.1,2.8,9.7,9.2,,0.3,0.2,0.5,.156,,-0.1,1.0,0.9,0.1,2000,True
81,Kevin Johnson,PG,33,PHO,9,129,4.9,.366,.081,.162,0.0,10.7,5.3,29.5,1.2,0.6,24.7,18.2,,-0.3,0.1,-0.2,-0.072,,-4.7,-0.9,-5.6,-0.1,2000,True
82,Larry Johnson,PF,30,NYK,16,589,11.4,.539,.217,.224,3.1,12.9,8.1,8.4,0.8,0.3,12.1,16.5,,0.4,0.6,1.0,.084,,-0.4,0.0,-0.4,0.2,2000,True
83,Eddie Jones,SG,28,CHH,4,171,18.4,.523,.448,.276,2.8,10.6,6.8,21.1,3.3,1.3,7.1,19.7,,0.4,0.1,0.5,.154,,3.5,1.2,4.6,0.3,2000,True
84,Jumaine Jones,SF,20,PHI,4,8,1.4,.333,.667,.000,0.0,0.0,0.0,0.0,0.0,0.0,0.0,17.2,,0.0,0.0,0.0,-0.116,,-3.4,-4.1,-7.5,0.0,2000,True
85,Jerome Kersey,SF,37,SAS,2,25,0.2,.143,.000,.000,8.3,8.0,8.1,7.3,4.2,2.8,12.5,14.5,,-0.1,0.1,0.0,-0.072,,-8.8,3.8,-4.9,0.0,2000,True
86,Jason Kidd*,PG,26,PHO,6,229,14.3,.500,.400,.164,3.7,14.9,9.2,38.5,2.5,0.3,28.1,16.0,,0.0,0.4,0.4,.075,,1.5,1.8,3.3,0.3,2000,True
87,Travis Knight,C,25,LAL,14,48,3.7,.510,.000,.400,7.0,4.9,6.0,0.0,1.1,4.9,25.4,22.3,,-0.1,0.0,-0.1,-0.094,,-11.2,0.5,-10.6,-0.1,2000,True
88,Toni Kukoč*,SF,31,PHI,10,257,10.9,.463,.366,.183,3.1,14.2,8.4,11.7,2.1,1.0,13.0,20.6,,-0.1,0.2,0.1,.013,,-1.3,0.4,-0.9,0.1,2000,True
89,Christian Laettner,C,30,DET,3,75,8.6,.487,.000,.471,3.3,22.7,12.7,16.3,0.0,1.1,12.8,15.3,,0.0,0.1,0.1,.077,,-2.7,0.7,-2.1,0.0,2000,True
90,Quincy Lewis,SG,22,UTA,8,106,6.7,.445,.222,.185,2.3,14.2,8.4,3.2,1.5,5.2,9.3,14.6,,-0.1,0.1,0.1,.028,,-4.7,2.6,-2.1,0.0,2000,True
91,Rashard Lewis,SF,20,SEA,5,157,18.2,.568,.322,.339,8.5,14.6,11.4,3.4,1.7,1.4,12.9,22.8,,0.3,0.1,0.4,.126,,2.6,-0.4,2.2,0.2,2000,True
92,Randy Livingston,PG,24,PHO,7,63,0.5,.259,.222,.000,3.3,8.5,5.9,10.6,3.4,1.2,12.9,22.0,,-0.3,0.1,-0.2,-0.151,,-6.2,0.6,-5.7,-0.1,2000,True
93,Luc Longley,C,31,PHO,9,162,3.8,.363,.000,.059,7.8,11.9,9.8,8.4,1.3,1.8,16.0,17.2,,-0.3,0.2,-0.1,-0.032,,-6.8,0.2,-6.6,-0.2,2000,True
94,George Lynch,SF,29,PHI,10,293,10.2,.405,.108,.277,9.9,18.7,14.1,7.6,1.7,1.4,9.9,12.7,,0.1,0.2,0.3,.049,,-2.1,0.7,-1.4,0.0,2000,True
95,Todd MacCulloch,C,24,PHI,5,24,20.7,.709,.000,2.000,14.0,30.4,21.9,0.0,0.0,0.0,0.0,10.8,,0.1,0.0,0.1,.256,,4.8,-1.1,3.7,0.0,2000,True
96,Dan Majerle,SG,34,MIA,10,372,14.2,.583,.704,.197,1.6,20.8,11.2,15.5,3.2,0.2,12.5,11.7,,0.5,1.0,1.5,.190,,0.5,4.7,5.2,0.7,2000,True
97,Karl Malone*,PF,36,UTA,10,386,25.8,.584,.010,.399,6.1,20.9,13.7,19.0,1.0,1.4,10.4,32.3,,1.2,0.3,1.6,.194,,6.8,0.6,7.3,0.9,2000,True
98,Danny Manning,PF,33,MIL,1,5,-5.2,.000,.000,.000,0.0,21.5,11.3,0.0,0.0,0.0,0.0,9.2,,0.0,0.0,0.0,-0.183,,-7.2,-4.3,-11.5,0.0,2000,True
99,Shawn Marion,SF,21,PHO,9,281,13.8,.451,.070,.128,7.8,22.0,14.9,4.4,1.1,3.7,7.2,15.5,,0.1,0.5,0.6,.103,,0.3,0.7,1.0,0.2,2000,True
100,Darrick Martin,PG,28,SAC,2,21,8.8,.465,.333,.444,5.1,9.6,7.4,17.1,2.5,0.0,21.8,29.6,,0.0,0.0,0.0,-0.099,,-3.8,-1.8,-5.6,0.0,2000,True
101,Jamal Mashburn,SF,27,MIA,10,423,13.1,.499,.210,.268,2.5,10.4,6.5,15.5,1.5,0.4,12.0,23.3,,0.1,0.8,0.9,.105,,0.5,0.1,0.6,0.3,2000,True
102,Anthony Mason,SF,33,CHH,4,179,14.2,.534,.026,.526,10.7,14.5,12.7,22.2,1.3,0.0,21.7,16.1,,0.2,0.1,0.3,.072,,1.1,-1.0,0.1,0.1,2000,True
103,Jelani McCoy,C,22,SEA,3,26,-2.1,.316,.000,.600,0.0,27.8,13.3,11.9,0.0,0.0,24.0,14.7,,-0.1,0.0,-0.1,-0.136,,-10.3,-0.9,-11.2,-0.1,2000,True
104,Tracy McGrady*,SF,20,TOR,3,111,15.3,.490,.159,.364,10.2,12.7,11.4,19.2,1.5,2.3,16.4,25.9,,0.0,0.1,0.2,.067,,1.7,-1.0,0.7,0.1,2000,True
105,Derrick McKey,SF,33,IND,23,352,7.2,.576,.188,.625,8.5,17.7,13.2,5.8,1.1,0.8,31.8,8.1,,0.1,0.3,0.4,.057,,-2.8,0.8,-2.0,0.0,2000,True
106,Aaron McKie,SG,27,PHI,10,331,17.5,.592,.340,.301,1.4,11.8,6.3,25.1,0.7,0.5,12.1,18.4,,0.9,0.0,0.9,.137,,2.5,1.2,3.7,0.5,2000,True
107,Brad Miller,C,23,CHH,4,62,15.8,.636,.000,.882,15.5,9.1,12.2,9.5,0.0,3.7,27.6,25.3,,0.1,0.0,0.1,.059,,-2.6,-1.4,-4.0,0.0,2000,True
108,Oliver Miller,C,29,PHO,7,37,-0.3,.279,.333,.444,5.7,17.3,11.4,4.2,0.0,4.0,15.7,15.4,,-0.1,0.1,-0.1,-0.081,,-9.5,-0.9,-10.4,-0.1,2000,True
109,Reggie Miller*,SG,34,IND,22,892,21.8,.596,.382,.335,1.2,5.7,3.5,12.7,1.4,0.8,6.0,25.0,,3.3,0.3,3.6,.195,,5.5,0.1,5.7,1.7,2000,True
110,Terry Mills,PF,32,DET,3,77,11.5,.787,.600,.133,0.0,10.2,4.9,2.8,1.4,0.0,11.2,11.3,,0.2,0.1,0.3,.165,,1.6,1.5,3.1,0.1,2000,True
111,Sam Mitchell,SF,36,MIN,4,68,10.3,.595,.278,.167,3.8,10.5,7.0,5.1,0.0,1.3,17.2,17.2,,0.0,0.0,0.1,.040,,-0.4,-1.6,-2.0,0.0,2000,True
112,Eric Montross,C,28,DET,2,5,-1.0,,,,0.0,52.4,25.4,0.0,0.0,0.0,,0.0,,0.0,0.0,0.0,.107,,-9.0,1.8,-7.2,0.0,2000,True
113,Mikki Moore,C,24,DET,3,42,17.7,.580,.000,.667,20.5,15.6,18.1,15.4,1.3,0.0,20.5,22.7,,0.1,0.1,0.2,.181,,0.9,-0.4,0.5,0.0,2000,True
114,Alonzo Mourning*,C,29,MIA,10,376,23.8,.542,.006,.611,9.8,21.9,15.8,8.6,0.3,7.1,10.8,29.3,,0.7,1.0,1.7,.217,,3.7,1.8,5.5,0.7,2000,True
115,Chris Mullin*,SG,36,IND,9,90,16.5,.600,.381,.524,2.7,15.4,9.2,9.1,3.6,0.8,13.4,15.7,,0.2,0.1,0.3,.148,,0.8,2.8,3.6,0.1,2000,True
116,Rasho Nesterović,C,23,MIN,4,126,7.8,.452,.000,.240,5.2,9.1,7.0,7.6,1.4,4.7,12.6,12.6,,0.0,0.1,0.1,.032,,-3.9,1.7,-2.1,0.0,2000,True
117,Jermaine O'Neal,C,21,POR,8,38,9.5,.401,.000,.818,6.7,16.6,11.7,4.4,0.0,6.5,0.0,19.2,,0.0,0.1,0.1,.089,,-4.7,0.5,-4.3,0.0,2000,True
118,Shaquille O'Neal*,C,27,LAL,23,1000,30.5,.556,.000,.586,13.3,27.8,20.4,14.5,0.7,4.3,8.1,31.3,,3.6,1.1,4.7,.224,,8.0,0.2,8.1,2.6,2000,True
119,Charles Oakley,PF,36,TOR,3,110,13.1,.510,.241,.034,2.1,24.5,12.6,22.3,3.0,0.8,14.5,14.7,,0.0,0.2,0.2,.098,,-1.4,2.8,1.5,0.1,2000,True
120,Kevin Ollie,PG,27,PHI,10,65,16.9,.627,.000,.750,0.0,9.4,4.5,30.1,1.7,0.0,15.8,13.4,,0.2,0.0,0.2,.151,,1.1,2.6,3.7,0.1,2000,True
121,Greg Ostertag,C,26,UTA,8,172,12.0,.523,.000,1.158,13.6,17.4,15.6,1.8,0.6,7.8,21.8,10.2,,0.1,0.2,0.3,.076,,-2.2,1.3,-1.0,0.0,2000,True
122,Scott Padgett,PF,23,UTA,8,59,9.4,.469,.563,.000,6.3,27.4,17.2,14.4,0.9,2.7,20.0,16.3,,0.0,0.1,0.0,.027,,-2.5,2.0,-0.5,0.0,2000,True
123,Ruben Patterson,SF,24,SEA,5,84,19.9,.629,.077,.577,11.9,8.6,10.3,4.3,1.9,1.8,19.7,22.2,,0.2,0.1,0.2,.138,,2.3,0.0,2.3,0.1,2000,True
124,Gary Payton*,PG,31,SEA,5,221,22.2,.518,.204,.230,4.0,16.4,9.9,33.6,2.2,0.3,12.6,29.6,,0.5,0.2,0.7,.144,,4.4,0.7,5.0,0.4,2000,True
125,Anthony Peeler,SG,30,MIN,4,90,14.1,.545,.417,.333,2.9,11.1,6.8,9.4,1.9,0.9,3.5,15.9,,0.2,0.1,0.2,.131,,0.7,1.1,1.8,0.1,2000,True
126,Sam Perkins,PF,38,IND,23,417,8.6,.481,.629,.200,4.9,15.5,10.3,3.7,0.5,1.0,6.5,13.9,,0.3,0.2,0.5,.061,,-0.5,-0.8,-1.4,0.1,2000,True
127,Chuck Person,SF,35,SEA,2,2,-20.8,.000,1.000,.000,0.0,0.0,0.0,0.0,0.0,0.0,0.0,23.0,,0.0,0.0,0.0,-0.549,,-31.9,-21.1,-53.0,0.0,2000,True
128,Scottie Pippen*,SF,34,POR,16,614,17.5,.522,.354,.354,4.6,19.0,11.8,20.8,2.9,0.9,13.9,21.2,,0.8,1.0,1.8,.140,,2.7,2.6,5.3,1.1,2000,True
129,Scot Pollard,C,24,SAC,5,70,9.6,.536,.000,.375,9.2,14.5,11.9,2.5,1.5,0.9,13.9,14.0,,0.0,0.0,0.1,.040,,-4.6,-0.5,-5.1,-0.1,2000,True
130,Olden Polynice,C,35,UTA,10,260,9.9,.540,.000,.115,11.4,18.6,15.1,3.3,0.6,2.4,19.2,12.5,,0.1,0.2,0.3,.052,,-2.4,0.1,-2.3,0.0,2000,True
131,Terry Porter,PG,36,SAS,4,89,1.1,.323,.452,.000,0.0,1.1,0.6,11.3,3.6,0.0,18.4,19.4,,-0.4,0.2,-0.2,-0.093,,-4.7,-0.5,-5.2,-0.1,2000,True
132,Theo Ratliff,PF,26,PHI,10,374,17.0,.534,.000,.465,8.4,16.6,12.3,4.2,1.5,6.6,12.3,17.0,,0.5,0.4,0.9,.112,,-0.4,2.0,1.6,0.3,2000,True
133,Glen Rice,SF,32,LAL,23,766,12.1,.533,.294,.390,1.5,12.6,6.9,9.6,1.0,0.4,11.9,17.9,,0.9,0.2,1.1,.067,,-0.1,-0.7,-0.8,0.2,2000,True
134,Clifford Robinson,SF,33,PHO,9,333,14.3,.479,.276,.310,5.7,11.5,8.6,10.8,1.8,1.6,9.8,24.5,,0.2,0.4,0.6,.088,,1.5,0.4,1.8,0.3,2000,True
135,David Robinson*,C,34,SAS,4,155,25.6,.463,.012,.506,11.4,24.5,18.1,16.6,2.4,5.4,7.3,32.1,,0.2,0.5,0.7,.220,,5.3,3.2,8.4,0.4,2000,True
136,Eddie Robinson,SF,23,CHH,4,45,12.5,.466,.000,.167,2.7,5.0,3.9,16.3,2.5,1.7,7.2,14.8,,0.0,0.0,0.1,.061,,0.6,0.5,1.1,0.0,2000,True
137,Glenn Robinson,SF,27,MIL,5,174,11.2,.454,.089,.165,0.0,13.0,6.8,12.4,2.5,1.7,15.0,26.4,,-0.3,0.2,-0.1,-0.022,,-2.2,-0.3,-2.6,0.0,2000,True
138,Rodney Rogers,PF,28,PHO,9,263,16.9,.494,.313,.270,6.4,18.3,12.3,10.4,2.0,2.8,10.4,24.4,,0.2,0.5,0.6,.118,,1.9,1.7,3.6,0.4,2000,True
139,Jalen Rose,SF,27,IND,23,964,15.9,.533,.179,.340,1.2,10.9,6.2,14.8,0.9,0.8,10.0,24.6,,1.5,0.4,1.9,.094,,1.4,-0.8,0.5,0.6,2000,True
140,Malik Rose,PF,25,SAS,4,83,7.1,.478,.000,.500,6.3,16.9,11.7,2.4,1.3,2.5,24.2,15.8,,-0.1,0.2,0.1,.051,,-5.0,1.4,-3.7,0.0,2000,True
141,Bryon Russell,SF,29,UTA,10,371,14.2,.530,.395,.360,3.0,13.4,8.3,10.1,2.4,1.1,10.2,19.0,,0.4,0.3,0.7,.091,,0.6,0.9,1.6,0.3,2000,True
142,Arvydas Sabonis*,C,35,POR,16,493,14.9,.528,.140,.327,4.9,22.6,13.8,11.7,1.6,2.2,13.2,19.6,,0.5,0.8,1.2,.121,,0.4,1.5,1.9,0.5,2000,True
143,John Salley,C,35,LAL,18,78,11.9,.489,.000,.769,12.9,19.7,16.2,7.2,0.7,6.1,18.7,12.4,,0.1,0.1,0.1,.091,,-2.9,2.7,-0.3,0.0,2000,True
144,Detlef Schrempf,SF,37,POR,15,276,13.3,.548,.107,.839,4.6,19.7,12.2,18.2,0.8,0.0,16.4,16.2,,0.5,0.3,0.8,.132,,0.3,1.0,1.3,0.2,2000,True
145,Malik Sealy,SF,29,MIN,4,122,12.0,.520,.073,.390,5.4,15.3,10.1,7.3,1.0,0.0,14.3,23.0,,0.0,0.1,0.1,.032,,-1.0,-1.5,-2.5,0.0,2000,True
146,Brian Shaw,SG,33,LAL,22,408,13.5,.522,.449,.150,1.9,12.7,7.2,24.7,1.4,0.8,13.0,14.5,,0.7,0.2,0.9,.101,,0.5,1.8,2.4,0.4,2000,True
147,Joe Smith,C,24,MIN,4,79,7.7,.503,.059,.118,11.6,9.1,10.4,2.1,2.2,1.1,18.3,13.9,,0.0,0.1,0.1,.036,,-4.6,-1.1,-5.7,-0.1,2000,True
148,Steve Smith,SG,30,POR,16,604,18.5,.636,.293,.431,2.7,5.7,4.2,13.7,1.8,0.5,11.1,19.6,,1.9,0.5,2.5,.195,,4.6,1.1,5.7,1.2,2000,True
149,Rik Smits,C,33,IND,22,461,17.2,.537,.005,.193,6.3,13.5,10.0,9.1,1.2,3.1,10.7,25.9,,0.6,0.4,1.0,.102,,-1.2,0.7,-0.6,0.2,2000,True
150,Eric Snow,PG,26,PHI,5,138,16.2,.565,.129,.129,0.0,8.8,4.2,42.5,1.6,0.6,17.6,13.2,,0.3,0.0,0.4,.122,,1.5,1.4,3.0,0.2,2000,True
151,Latrell Sprewell,SF,29,NYK,16,700,15.3,.491,.113,.331,2.1,9.7,6.0,17.0,1.5,0.6,10.8,25.0,,0.2,0.7,1.0,.067,,1.2,0.2,1.4,0.6,2000,True
152,Jerry Stackhouse,SG,25,DET,3,120,15.3,.509,.119,.525,1.0,12.0,6.3,21.7,0.9,0.0,16.2,35.3,,-0.1,0.1,0.0,.003,,2.7,-2.0,0.7,0.1,2000,True
153,John Stockton*,PG,37,UTA,10,350,18.4,.548,.202,.337,2.5,7.6,5.1,51.4,2.0,0.5,20.3,17.6,,0.8,0.2,1.0,.132,,3.5,0.1,3.5,0.5,2000,True
154,Peja Stojaković,SF,22,SAC,5,129,10.3,.500,.325,.225,1.7,11.8,6.9,4.0,1.6,0.0,10.2,17.2,,0.0,0.0,0.0,-0.003,,-0.6,-1.1,-1.7,0.0,2000,True
155,Damon Stoudamire,PG,26,POR,16,447,12.1,.488,.222,.178,2.3,9.6,6.0,23.6,1.0,0.7,11.5,18.0,,0.4,0.4,0.8,.084,,-0.1,-0.2,-0.3,0.2,2000,True
156,Mark Strickland,SF,29,MIA,1,10,2.5,.258,.000,.667,0.0,0.0,0.0,0.0,11.4,0.0,20.5,24.1,,-0.1,0.0,0.0,-0.191,,-6.6,4.3,-2.3,0.0,2000,True
157,Wally Szczerbiak,SF,22,MIN,4,94,6.9,.400,.100,.000,2.8,9.1,5.8,3.6,1.9,0.9,3.2,16.5,,-0.1,0.1,0.0,-0.011,,-3.1,-1.2,-4.3,-0.1,2000,True
158,Žan Tabak,C,29,IND,10,47,12.9,.615,.000,.500,10.2,29.5,20.1,0.0,0.0,3.0,9.3,10.9,,0.1,0.1,0.2,.170,,-1.7,1.1,-0.6,0.0,2000,True
159,John Thomas,C,24,TOR,1,1,0.0,,,,0.0,0.0,0.0,0.0,0.0,0.0,,0.0,,0.0,0.0,0.0,.008,,-0.1,-0.9,-1.0,0.0,2000,True
160,Kurt Thomas,PF,27,NYK,16,251,9.8,.528,.000,.164,8.7,14.9,11.9,3.8,0.7,2.0,17.6,16.2,,0.0,0.3,0.4,.068,,-3.4,0.3,-3.2,-0.1,2000,True
161,Tim Thomas,SF,22,MIL,5,142,22.6,.579,.254,.288,5.1,13.6,9.6,12.1,0.4,2.1,1.5,21.9,,0.6,0.1,0.7,.230,,5.4,0.1,5.6,0.3,2000,True
162,Otis Thorpe,PF,37,MIA,10,136,3.7,.498,.037,.519,5.2,20.2,12.7,4.1,0.0,1.2,24.9,16.0,,-0.2,0.3,0.1,.020,,-7.5,0.1,-7.4,-0.2,2000,True
163,Robert Traylor,PF,22,MIL,1,4,14.5,.000,.000,.000,30.0,26.9,28.4,31.7,0.0,18.3,0.0,11.5,,0.0,0.0,0.0,.093,,-6.7,8.7,1.9,0.0,2000,True
164,Mirsad Türkcan,PF,23,MIL,2,10,-12.6,.340,.200,.400,0.0,21.5,11.3,0.0,0.0,0.0,33.8,41.0,,-0.1,0.0,-0.1,-0.529,,-20.2,-7.5,-27.6,-0.1,2000,True
165,Jacque Vaughn,PG,24,UTA,7,67,13.5,.444,.071,.286,7.3,13.8,10.7,30.4,3.3,1.2,22.2,29.1,,-0.1,0.1,-0.1,-0.036,,-0.9,0.5,-0.4,0.0,2000,True
166,Loy Vaught,PF,31,DET,2,16,2.1,.000,.000,.000,7.7,40.9,23.8,0.0,6.7,0.0,25.0,12.2,,-0.1,0.1,0.0,-0.134,,-5.6,1.3,-4.3,0.0,2000,True
167,Samaki Walker,PF,23,SAS,4,121,15.6,.496,.000,.387,11.2,26.4,18.9,3.5,0.4,6.9,18.1,16.6,,0.0,0.4,0.4,.148,,-0.9,2.9,1.9,0.1,2000,True
168,John Wallace,SF,25,NYK,1,4,-22.7,.000,.000,.000,0.0,29.1,14.9,0.0,14.3,0.0,33.3,38.4,,-0.1,0.0,-0.1,-0.789,,-25.1,2.5,-22.5,0.0,2000,True
169,Rasheed Wallace,PF,25,POR,16,605,19.4,.554,.058,.333,6.5,15.1,10.8,9.4,1.4,2.7,8.2,22.7,,1.4,0.8,2.2,.172,,3.2,1.2,4.3,1.0,2000,True
170,Charlie Ward,PG,29,NYK,16,439,20.3,.614,.469,.186,3.1,15.1,9.2,28.7,2.9,0.9,14.1,16.6,,1.2,0.8,1.9,.209,,3.0,4.1,7.1,1.0,2000,True
171,Clarence Weatherspoon,PF,29,MIA,10,170,12.2,.454,.000,.400,12.6,16.1,14.4,1.2,1.3,1.4,10.2,22.8,,-0.1,0.4,0.3,.087,,-1.8,-1.2,-3.0,0.0,2000,True
172,Chris Webber*,PF,26,SAC,5,196,27.1,.488,.045,.309,7.7,17.6,12.7,29.9,2.1,3.2,6.0,30.7,,0.5,0.1,0.6,.153,,6.9,2.6,9.5,0.6,2000,True
173,Bonzi Wells,SF,23,POR,14,188,17.0,.520,.120,.494,8.1,15.5,11.8,14.4,2.1,0.0,13.7,30.4,,0.2,0.2,0.4,.105,,-1.0,-0.1,-1.0,0.0,2000,True
174,David Wesley,PG,29,CHH,4,152,10.3,.423,.208,.188,2.4,6.7,4.6,22.7,3.0,0.0,10.4,18.3,,0.0,0.1,0.1,.034,,-2.4,-0.7,-3.1,0.0,2000,True
175,Alvin Williams,PG,25,TOR,1,1,0.0,,,,0.0,0.0,0.0,0.0,0.0,0.0,,0.0,,0.0,0.0,0.0,.008,,-7.3,-4.9,-12.2,0.0,2000,True
176,Jason Williams,PG,24,SAC,5,145,9.8,.496,.521,.208,0.7,4.9,2.9,14.4,1.1,0.0,13.2,18.8,,0.0,-0.1,-0.1,-0.025,,-0.9,-2.2,-3.0,0.0,2000,True
177,Jerome Williams,PF,26,DET,3,73,9.8,.428,.000,.571,11.8,25.1,18.2,5.6,2.2,0.0,14.6,13.7,,-0.1,0.1,0.1,.056,,-1.0,-0.6,-1.6,0.0,2000,True
178,Scott Williams,C,31,MIL,5,93,25.8,.660,.000,.167,11.6,22.0,17.1,4.0,1.2,3.9,9.4,21.1,,0.4,0.1,0.5,.250,,2.4,1.3,3.7,0.1,2000,True
179,Shammond Williams,PG,24,SEA,5,99,27.9,.674,.333,.333,2.2,11.0,6.4,33.5,4.3,0.0,13.7,20.4,,0.4,0.1,0.6,.275,,7.7,4.5,12.2,0.4,2000,True
180,Corliss Williamson,SF,26,SAC,5,87,15.6,.775,.000,.750,4.9,12.8,9.0,2.0,0.6,0.0,19.0,13.7,,0.3,0.0,0.2,.121,,0.5,-0.4,0.2,0.0,2000,True
181,Kevin Willis,PF,37,TOR,3,76,16.9,.467,.000,.606,9.0,33.8,20.6,3.1,1.5,0.0,4.6,27.1,,0.1,0.1,0.2,.138,,0.1,-1.9,-1.8,0.0,2000,True
